Sample_ID,Type,Location_made,Grouping,Class,Acquisition_date,Ferment_days,Extract_date,Location_Type_made,Country_made,Location_obtained,Location_Type_obtained,City_obtained,Country_obtained,Milk_Type,Milk_location,Pasteurized,Brand,Glycerol_percent,Date_glycerol,Glycerol_Status,Raw_Sample_Status,Kit_Lot_No,ATL_Lot_No,Kit_num,Conc_ng_ul,260_280,260_230,Ship_date,Ship_type,Arrived_frozen,DNA_Status,Arrival_date,Lat-Long
LNM1,Fresh_Cheese,Fontrieu,,Dairy,"December 5, 2021",,"December 6, 2021",Farm,France,St_Aubin,Farmers_Market,Toulouse,France,Sheep,Fontrieu,No,Local,15,"December 10, 2021",Minus_80,Minus_80,169046198,169019137,1,112,1.87,1.22,"January 10, 2022",Dry_ice,Yes,Switzerland,"January 13, 2022","43.66547031455824, 2.45386246303461"
LNM2,Roquefort_Carles,Aveyron,,Dairy,"December 5, 2021",,"December 6, 2021",Farm,France,St_Aubin,Farmers_Market,Toulouse,France,Sheep,Aveyron,No,Local,15,"December 10, 2021",Minus_80,Minus_80,169046198,169019137,1,35,1.78,0.06,"January 10, 2022",Dry_ice,Yes,Switzerland,"January 13, 2022","44.292650976542205, 2.51639218754828"
LNM3,Saint_Felicien,Dauphine,,Dairy,"December 5, 2021",,"December 6, 2021",Farm,France,St_Aubin,Farmers_Market,Toulouse,France,Cow,Dauphine,No,Local,15,"December 10, 2021",Minus_80,Minus_80,169046198,169019137,1,25.4,1.71,0.18,"January 10, 2022",Dry_ice,Yes,Switzerland,"January 13, 2022","45.48304781253344, 5.174886964350282"
LNM4,Buchette,Tarn,,Dairy,"December 5, 2021",,"December 6, 2021",Farm,France,St_Aubin,Farmers_Market,Toulouse,France,Goat,Tarn,No,Local,15,"December 10, 2021",Minus_80,Minus_80,169046198,169019137,1,52.2,1.83,0.62,"January 10, 2022",Dry_ice,Yes,Switzerland,"January 13, 2022","43.84129813071417, 2.1575430725683145"
LNM5,Rocamadour,Lot,,Dairy,"December 5, 2021",,"December 6, 2021",Farm,France,St_Aubin,Farmers_Market,Toulouse,France,Goat,Lot,No,Local,15,"December 10, 2021",Minus_80,Minus_80,169046198,169019137,1,73.4,1.89,0.7,"January 10, 2022",Dry_ice,Yes,Switzerland,"January 13, 2022","44.822546764540235, 1.6320714859475425"
LNM6,Faisselle,Payrac,,Dairy,"December 5, 2021",,"December 6, 2021",Farm,France,St_Aubin,Farmers_Market,Toulouse,France,Cow,Payra,Yes,Local,15,"December 10, 2021",Minus_80,Minus_80,169046198,169019137,1,5.7,1.34,0.32,"January 10, 2022",Dry_ice,Yes,Switzerland,"January 13, 2022","44.788491248084874, 1.4620661367100003"
LNM7,Fresh_Cheese,Unknown,,Dairy,"December 5, 2021",,"December 6, 2021",Farm,France,St_Aubin,Farmers_Market,Toulouse,France,Goat,Unknown,No,Local,15,"December 10, 2021",Minus_80,Minus_80,169046198,169019137,1,45.2,1.9,0.88,"January 10, 2022",Dry_ice,Yes,Switzerland,"January 13, 2022",
LNM8,Skyr,Rueil-Malmaison,,Dairy,"December 3, 2021",,"December 6, 2021",Industrial,France,Carrefour,Grocery,Toulouse,France,Cow,Rueil-Malmaison,Yes,Danone,15,"December 10, 2021",Minus_80,Minus_80,169046198,169019137,1,18.6,1.52,0.38,"January 10, 2022",Dry_ice,Yes,Switzerland,"January 13, 2022","48.86922181622034, 2.1806112894571856"
LNM9,Water_kefir,Toulouse,,Dairy,"December 6, 2021",,"December 6, 2021",Home,France,Jean_Yves_Bouet,Home,Toulouse,France,NA,NA,NA,Home,15,"December 10, 2021",Minus_80,Minus_80,169046198,169019137,1,19.6,1.98,0.96,"January 10, 2022",Dry_ice,Yes,Switzerland,"January 13, 2022","43.58942076510702, 1.4410493132090292"
LNM10,Skyr,Toulouse,,Dairy,"December 7, 2021",,"December 8, 2021",Fromagerie,France,La_Laiterie_Toulousaine,Fromagerie,Toulouse,France,Sheep,Montauban,Yes,Local,80,"December 10, 2021",Minus_80,Minus_80,169046198,169019137,1,34.5,1.91,0.47,"January 10, 2022",Dry_ice,Yes,Switzerland,"January 13, 2022","43.58942076510702, 1.4410493132090292"
LNM11,Fromage_blanc,Toulouse,,Dairy,"December 7, 2021",,"December 8, 2021",Fromagerie,France,La_Laiterie_Toulousaine,Fromagerie,Toulouse,France,Sheep,Montauban,Yes,Local,80,"December 10, 2021",Minus_80,Minus_80,169046198,169019137,1,16.5,1.83,0.8,"January 10, 2022",Dry_ice,Yes,Switzerland,"January 13, 2022","43.58942076510702, 1.4410493132090292"
LNM12,Cream,Toulouse,,Dairy,"December 7, 2021",,"December 8, 2021",Fromagerie,France,La_Laiterie_Toulousaine,Fromagerie,Toulouse,France,Sheep,Montauban,No,Local,80,"December 10, 2021",Minus_80,Minus_80,169046198,169019137,1,5.8,1.57,0.08,"January 10, 2022",Dry_ice,Yes,Switzerland,"January 13, 2022","43.58942076510702, 1.4410493132090292"
LNM13,Milk,Toulouse,,Dairy,"December 7, 2021",,"December 8, 2021",Fromagerie,France,La_Laiterie_Toulousaine,Fromagerie,Toulouse,France,Sheep,Montauban,No,Local,80,"December 10, 2021",Minus_80,Minus_80,169046198,169019137,1,2.2,0.87,0.01,"January 10, 2022",Dry_ice,Yes,Switzerland,"January 13, 2022","43.58942076510702, 1.4410493132090292"
LNM14,Fresh_Cheese,Toulouse,,Dairy,"December 7, 2021",,"December 8, 2021",Fromagerie,France,La_Laiterie_Toulousaine,Fromagerie,Toulouse,France,Sheep,Montauban,No,Local,15,"December 10, 2021",Minus_80,Minus_80,169046198,169019137,1,20.5,1.95,0.36,"January 10, 2022",Dry_ice,Yes,Switzerland,"January 13, 2022","43.58942076510702, 1.4410493132090292"
LNM15,Yogurt,Toulouse,,Dairy,"December 7, 2021",,"December 8, 2021",Fromagerie,France,La_Laiterie_Toulousaine,Fromagerie,Toulouse,France,Sheep,Montauban,Yes,Local,80,"December 10, 2021",Minus_80,Minus_80,169046198,169019137,1,12,1.55,0.08,"January 10, 2022",Dry_ice,Yes,Switzerland,"January 13, 2022","43.58942076510702, 1.4410493132090292"
LNM16,Yogurt,Toulouse,,Dairy,"December 7, 2021",,"December 8, 2021",Fromagerie,France,La_Laiterie_Toulousaine,Fromagerie,Toulouse,France,Water_Buffalo,Aveyron,Yes,Local,80,"December 10, 2021",Minus_80,Minus_80,169046198,169019137,1,17.8,1.68,0.1,"January 10, 2022",Dry_ice,Yes,Switzerland,"January 13, 2022","43.58942076510702, 1.4410493132090292"
LNM17,Cheese_rind,Toulouse,Cheese_pair_1,Dairy,"December 7, 2021",,"December 8, 2021",Fromagerie,France,La_Laiterie_Toulousaine,Fromagerie,Toulouse,France,Sheep,Montauban,No,Local,15,"December 10, 2021",Minus_80,Minus_80,169046198,169019137,1,86.9,1.86,1.63,"January 10, 2022",Dry_ice,Yes,Switzerland,"January 13, 2022","43.58942076510702, 1.4410493132090292"
LNM18,Cheese_inside,Toulouse,Cheese_pair_1,Dairy,"December 7, 2021",,"December 8, 2021",Fromagerie,France,La_Laiterie_Toulousaine,Fromagerie,Toulouse,France,Sheep,Montauban,No,Local,15,"December 10, 2021",Minus_80,Minus_80,169046198,169019137,1,10.9,1.7,0.08,"January 10, 2022",Dry_ice,Yes,Switzerland,"January 13, 2022","43.58942076510702, 1.4410493132090292"
LNM19,Cheese_rind,Toulouse,Cheese_pair_2,Dairy,"December 7, 2021",,"December 8, 2021",Fromagerie,France,La_Laiterie_Toulousaine,Fromagerie,Toulouse,France,Sheep,Montauban,No,Local,15,"December 10, 2021",Minus_80,Minus_80,169046198,169019137,1,278.9,1.9,1.41,"January 10, 2022",Dry_ice,Yes,Switzerland,"January 13, 2022","43.58942076510702, 1.4410493132090292"
LNM20,Cheese_inside,Toulouse,Cheese_pair_2,Dairy,"December 7, 2021",,"December 8, 2021",Fromagerie,France,La_Laiterie_Toulousaine,Fromagerie,Toulouse,France,Sheep,Montauban,No,Local,15,"December 10, 2021",Minus_80,Minus_80,169046198,169019137,1,14.6,2.07,0.21,"January 10, 2022",Dry_ice,Yes,Switzerland,"January 13, 2022","43.58942076510702, 1.4410493132090292"
LNM21,Cheese_rind,Toulouse,Cheese_pair_3,Dairy,"December 7, 2021",,"December 8, 2021",Fromagerie,France,La_Laiterie_Toulousaine,Fromagerie,Toulouse,France,Sheep,Montauban,No,Local,15,"December 10, 2021",Minus_80,Minus_80,169046198,169019137,1,387.5,1.89,1.68,"January 10, 2022",Dry_ice,Yes,Switzerland,"January 13, 2022","43.58942076510702, 1.4410493132090292"
LNM22,Cheese_inside,Toulouse,Cheese_pair_3,Dairy,"December 7, 2021",,"December 8, 2021",Fromagerie,France,La_Laiterie_Toulousaine,Fromagerie,Toulouse,France,Sheep,Montauban,No,Local,15,"December 10, 2021",Minus_80,Minus_80,169046198,169019137,1,15.1,1.71,0.11,"January 10, 2022",Dry_ice,Yes,Switzerland,"January 13, 2022","43.58942076510702, 1.4410493132090292"
LNM23,Cheese_rind,Breitenbach,,Dairy,"December 7, 2021",,"December 8, 2021",Farm,France,La_Laiterie_Toulousaine,Fromagerie,Toulouse,France,Sheep,Breitenbach,No,Local,15,"December 10, 2021",Minus_80,Minus_80,169046198,169019137,1,148.1,1.85,0.55,"January 10, 2022",Dry_ice,Yes,Switzerland,"January 13, 2022","48.375304227583065, 7.2757575355031845"
LNM24,Cheese_rind,Toulouse,Cheese_pair_4,Dairy,"December 7, 2021",,"December 8, 2021",Fromagerie,France,La_Laiterie_Toulousaine,Fromagerie,Toulouse,France,Water_Buffalo,Aveyron,No,Local,15,"December 10, 2021",Minus_80,Minus_80,169046198,169019137,1,288.8,1.9,1.84,"January 10, 2022",Dry_ice,Yes,Switzerland,"January 13, 2022","43.58942076510702, 1.4410493132090292"
LNM25,Cheese_inside,Toulouse,Cheese_pair_4,Dairy,"December 7, 2021",,"December 8, 2021",Fromagerie,France,La_Laiterie_Toulousaine,Fromagerie,Toulouse,France,Water_Buffalo,Aveyron,No,Local,15,"December 10, 2021",Minus_80,Minus_80,169046198,169019137,1,6.1,0.93,0.37,"January 10, 2022",Dry_ice,Yes,Switzerland,"January 13, 2022","43.58942076510702, 1.4410493132090292"
LNM26,Cheese,Aveyron,,Dairy,"December 9, 2021",,"December 14, 2021",Farm,France,Xavier_Fromagerie,Fromagerie,Toulouse,France,Cow,Aveyron,No,Local,15,"December 14, 2021",Minus_80,Minus_80,169046198,169019137,1,5.4,1.33,0.15,"January 10, 2022",Dry_ice,Yes,Switzerland,"January 13, 2022","44.292650976542205, 2.51639218754828"
LNM27,Cheese,Aveyron,,Dairy,"December 9, 2021",,"December 14, 2021",Farm,France,Xavier_Fromagerie,Fromagerie,Toulouse,France,Cow,Aveyron,No,Local,15,"December 14, 2021",Minus_80,Minus_80,169046198,169019137,1,6.7,1.26,0.33,"January 10, 2022",Dry_ice,Yes,Switzerland,"January 13, 2022","44.292650976542205, 2.51639218754828"
LNM28,Cheese,Ariege,,Dairy,"December 9, 2021",,"December 14, 2021",Farm,France,Fromagerie_Emilie,Fromagerie,Toulouse,France,Cow,Ariege,No,Local,15,"December 14, 2021",Minus_80,Minus_80,169046198,169019137,1,6.5,0.99,0.06,"January 10, 2022",Dry_ice,Yes,Switzerland,"January 13, 2022","42.946070666414656, 1.7846400714382886"
LNM29,Cheese,Ariege,,Dairy,"December 9, 2021",,"December 14, 2021",Farm,France,Fromagerie_Emilie_Victor_Hugo,Fromagerie,Toulouse,France,Cow,Ariege,No,Local,15,"December 14, 2021",Minus_80,Minus_80,169046198,169019137,1,3.4,0.93,0.15,"January 10, 2022",Dry_ice,Yes,Switzerland,"January 13, 2022","42.946070666414656, 1.7846400714382886"
LNM30,Creme_fraiche,Normandy,,Dairy,"December 9, 2021",2,"December 14, 2021",Farm,France,Deux_Chavanne_Victor_Hugo,Fromagerie,Toulouse,France,Cow,Normandy,No,Local,80,"December 14, 2021",Minus_80,Minus_80,169046198,169019137,1,0.9,0.79,0.02,"January 10, 2022",Dry_ice,Yes,Switzerland,"January 13, 2022","49.1541118387114, 0.18627312940552734"
LNM31,Milk,Toulouse,,Dairy,"December 10, 2021",0,"December 14, 2021",Fromagerie,France,La_Laiterie_Toulousaine,Fromagerie,Toulouse,France,Sheep,Montauban,No,Local,80,"December 14, 2021",Minus_80,Minus_80,169046198,169019137,1,1,0.01,0.2,"January 10, 2022",Dry_ice,Yes,Switzerland,"January 13, 2022","43.58942076510702, 1.4410493132090292"
LNM32,Cheese_hour_4,Toulouse,Cheese_evolution_1,Dairy,"December 10, 2021",0.2,"December 14, 2021",Fromagerie,France,La_Laiterie_Toulousaine,Fromagerie,Toulouse,France,Sheep,Montauban,No,Local,15,"December 14, 2021",Minus_80,Minus_80,169046198,169019137,1,8.6,1.52,0.25,"January 10, 2022",Dry_ice,Yes,Switzerland,"January 13, 2022","43.58942076510702, 1.4410493132090292"
LNM33,Cheese_hour_6,Toulouse,Cheese_evolution_1,Dairy,"December 10, 2021",0.25,"December 14, 2021",Fromagerie,France,La_Laiterie_Toulousaine,Fromagerie,Toulouse,France,Sheep,Montauban,No,Local,15,"December 14, 2021",Minus_80,Minus_80,169046198,169019137,1,11.6,1.6,0.26,"January 10, 2022",Dry_ice,Yes,Switzerland,"January 13, 2022","43.58942076510702, 1.4410493132090292"
LNM34,Cheese_hour_9,Toulouse,Cheese_evolution_1,Dairy,"December 10, 2021",0.4,"December 14, 2021",Fromagerie,France,La_Laiterie_Toulousaine,Fromagerie,Toulouse,France,Sheep,Montauban,No,Local,15,"December 14, 2021",Minus_80,Minus_80,169046198,169019137,1,23.6,1.73,0.49,"January 10, 2022",Dry_ice,Yes,Switzerland,"January 13, 2022","43.58942076510702, 1.4410493132090292"
LNM35,Cheese,Mauzac,Cheese_evolution_2,Dairy,"December 13, 2021",1,"December 14, 2021",Farm,France,La_Ferme_du_Bila,Farm,Mauzac,France,Goat,Mauzac,No,Local,15,"December 14, 2021",Minus_80,Minus_80,169046198,169019137,1,190.4,1.86,1.91,"January 10, 2022",Dry_ice,Yes,Switzerland,"January 13, 2022","43.37146351229104, 1.3028059133633823"
LNM36,Cheese,Mauzac,Cheese_evolution_2,Dairy,"December 13, 2021",2,"December 14, 2021",Farm,France,La_Ferme_du_Bila,Farm,Mauzac,France,Goat,Mauzac,No,Local,15,"December 14, 2021",Minus_80,Minus_80,169046198,169019137,1,143.4,1.87,1.79,"January 10, 2022",Dry_ice,Yes,Switzerland,"January 13, 2022","43.37146351229104, 1.3028059133633823"
LNM37,Cheese,Mauzac,Cheese_evolution_2,Dairy,"December 13, 2021",3,"December 14, 2021",Farm,France,La_Ferme_du_Bila,Farm,Mauzac,France,Goat,Mauzac,No,Local,15,"December 14, 2021",Minus_80,Minus_80,169046198,169019137,1,156.5,1.86,1.45,"January 10, 2022",Dry_ice,Yes,Switzerland,"January 13, 2022","43.37146351229104, 1.3028059133633823"
LNM38,Cheese,Mauzac,Cheese_evolution_2,Dairy,"December 13, 2021",17,"December 14, 2021",Farm,France,La_Ferme_du_Bila,Farm,Mauzac,France,Goat,Mauzac,No,Local,15,"December 14, 2021",Minus_80,Minus_80,169046198,169019137,1,92.5,1.87,1.37,"January 10, 2022",Dry_ice,Yes,Switzerland,"January 13, 2022","43.37146351229104, 1.3028059133633823"
LNM39,Cheese,Mauzac,Cheese_evolution_2,Dairy,"December 13, 2021",120,"December 14, 2021",Farm,France,La_Ferme_du_Bila,Farm,Mauzac,France,Goat,Mauzac,No,Local,15,"December 14, 2021",Minus_80,Minus_80,169046198,169019137,1,373,1.89,2.2,"January 10, 2022",Dry_ice,Yes,Switzerland,"January 13, 2022","43.37146351229104, 1.3028059133633823"
LNM40,NEG_CTRL,Toulouse,,Control,"December 14, 2021",NA,"December 14, 2021",Lab,France,Lab,Lab,Toulouse,France,NA,NA,NA,Lab,15,"December 14, 2021",Minus_80,NA,169046198,169019137,1,1.7,2.31,0.08,"January 10, 2022",Dry_ice,Yes,Switzerland,"January 13, 2022","43.58942076510702, 1.4410493132090292"
LNM41,Flour,Ariege,Sourdough_1,Bread,"December 15, 2021",NA,"December 15, 2021",Farm,France,Boulangerie_Maurice,Boulangerie,Toulouse,France,NA,NA,NA,Local,15,"December 15, 2021",Minus_80,Minus_80,169046198,169019137,1,343.2,1.87,1.13,"January 10, 2022",Dry_ice,Yes,Switzerland,"January 13, 2022","42.946070666414656, 1.7846400714382886"
LNM42,Sourdough_usable,Toulouse,Sourdough_1,Bread,"December 15, 2021",0.1,"December 15, 2021",Boulangerie,France,Boulangerie_Maurice,Boulangerie,Toulouse,France,NA,NA,NA,Local,15,"December 15, 2021",Minus_80,Minus_80,169046198,169019137,1,193.7,1.9,0.6,"January 10, 2022",Dry_ice,Yes,Switzerland,"January 13, 2022","43.58942076510702, 1.4410493132090292"
LNM43,Sourdough_acid_crash,Toulouse,Sourdough_1,Bread,"December 15, 2021",0.25,"December 15, 2021",Boulangerie,France,Boulangerie_Maurice,Boulangerie,Toulouse,France,NA,NA,NA,Local,15,"December 15, 2021",Minus_80,Minus_80,169046198,169019137,1,169.4,1.88,1.84,"January 10, 2022",Dry_ice,Yes,Switzerland,"January 13, 2022","43.58942076510702, 1.4410493132090292"
LNM44,Baking_table_swab,Toulouse,Sourdough_1,Bread,"December 15, 2021",NA,"December 15, 2021",Boulangerie,France,Boulangerie_Maurice,Boulangerie,Toulouse,France,NA,NA,NA,Lab,NA,NA,NA,NA,169046198,169019137,1,0.4,0.16,0.06,"January 10, 2022",Dry_ice,Yes,Switzerland,"January 13, 2022","43.58942076510702, 1.4410493132090292"
LNM45,Hand_swab,Toulouse,Sourdough_1,Bread,"December 15, 2021",NA,"December 15, 2021",Boulangerie,France,Boulangerie_Maurice,Boulangerie,Toulouse,France,NA,NA,NA,Lab,NA,NA,NA,NA,169046198,169019137,1,0.4,0.14,0.01,"January 10, 2022",Dry_ice,Yes,Switzerland,"January 13, 2022","43.58942076510702, 1.4410493132090292"
LNM46,SWAB_NEG_CTRL,Toulouse,Sourdough_1,Control,"December 15, 2021",NA,"December 15, 2021",Lab,France,Lab,Lab,Toulouse,France,NA,NA,NA,Lab,NA,NA,NA,NA,169046198,169019137,1,0.1,0.06,0.01,"January 10, 2022",Dry_ice,Yes,Switzerland,"January 13, 2022","43.58942076510702, 1.4410493132090292"
LNM47,Whey,Montpelier,Whey_1,Dairy,"December 16, 2021",1,"December 16, 2021",Farm,France,Purpan_Helene_Tormo,Lab,Toulouse,France,Goat,Montpelier,No,Local,80,"December 16, 2021",Minus_80,Minus_80,169046198,169019137,1,TBD,TBD,TBD,"January 10, 2022",Dry_ice,Yes,Switzerland,"January 13, 2022","43.60843917093944, 3.858368222452598"
LNM48,Cheese,Montpelier,Cheese_evolution_3,Dairy,"December 16, 2021",4,"December 16, 2021",Farm,France,Purpan_Helene_Tormo,Lab,Toulouse,France,Goat,Montpelier,No,Local,15,"December 16, 2021",Minus_80,Minus_80,169046198,169019137,1,TBD,TBD,TBD,"January 10, 2022",Dry_ice,Yes,Switzerland,"January 13, 2022","43.60843917093944, 3.858368222452598"
LNM49,Cheese,Montpelier,Cheese_evolution_3,Dairy,"December 16, 2021",11,"December 16, 2021",Farm,France,Purpan_Helene_Tormo,Lab,Toulouse,France,Goat,Montpelier,No,Local,15,"December 16, 2021",Minus_80,Minus_80,169046198,169019137,1,TBD,TBD,TBD,"January 10, 2022",Dry_ice,Yes,Switzerland,"January 13, 2022","43.60843917093944, 3.858368222452598"
LNM50,Cheese,Montpelier,Cheese_evolution_3,Dairy,"December 16, 2021",38,"December 16, 2021",Farm,France,Purpan_Helene_Tormo,Lab,Toulouse,France,Goat,Montpelier,No,Local,15,"December 16, 2021",Minus_80,Minus_80,169046198,169019137,1,TBD,TBD,TBD,"January 10, 2022",Dry_ice,Yes,Switzerland,"January 13, 2022","43.60843917093944, 3.858368222452598"
LNM51,Cheese_rind,Lodeve,Cheese_pair_5,Dairy,"December 16, 2021",,"December 20, 2021",Farm,France,Purpan_Helene_Tormo,Lab,Toulouse,France,Goat,Lodeve,No,Local,15,"December 16, 2021",Minus_80,Minus_80,169048452,169019137,2,TBD,TBD,TBD,"January 10, 2022",Dry_ice,Yes,Switzerland,"January 13, 2022","43.73350144314175, 3.307605715393001"
LNM52,Cheese_inside,Lodeve,Cheese_pair_5,Dairy,"December 16, 2021",,"December 20, 2021",Farm,France,Purpan_Helene_Tormo,Lab,Toulouse,France,Goat,Lodeve,No,Local,15,"December 16, 2021",Minus_80,Minus_80,169048452,169019137,2,TBD,TBD,TBD,"January 10, 2022",Dry_ice,Yes,Switzerland,"January 13, 2022","43.73350144314175, 3.307605715393001"
LNM53,Whey_fridge_for_4_days,Montpelier,Whey_1,Dairy,"December 16, 2021",4,"December 20, 2021",Farm,France,Purpan_Helene_Tormo,Lab,Toulouse,France,Goat,Montpelier,No,Local,NA,NA,NA,NA,169048452,169019137,2,TBD,TBD,TBD,"January 10, 2022",Dry_ice,Yes,Switzerland,"January 13, 2022","43.60843917093944, 3.858368222452598"
LNM54,NEG_CTRL,Toulouse,,Control,"December 20, 2021",NA,"December 20, 2021",Lab,France,Lab,Lab,Toulouse,France,NA,NA,NA,Lab,NA,NA,NA,NA,169048452,169019137,2,TBD,TBD,TBD,"January 10, 2022",Dry_ice,Yes,Switzerland,"January 13, 2022","43.58942076510702, 1.4410493132090292"
LNM55,NEG_CTRL,Singapore,,Control,"February 15, 2022",NA,"February 15, 2022",Lab,Singapore,Lab,Lab,Singapore,Singapore,NA,NA,NA,Lab,NA,NA,NA,NA,172012928,169050469,2,TBD,TBD,TBD,"March 1, 2022",Ice_pack,Yes,Switzerland,"March 3, 2022","1.3298483399560204, 103.77767017122122"
LNM56,Miso,Singapore,,Bean,"February 15, 2022",365,"February 15, 2022",Home,Singapore,Fizzicle,Kombucha_brewery,Singapore,Singapore,NA,NA,NA,Home,NA,NA,NA,NA,172012928,169050469,2,TBD,TBD,TBD,"March 1, 2022",Ice_pack,Yes,Switzerland,"March 3, 2022","1.3298483399560204, 103.77767017122122"
LNM57,Miso,Singapore,,Bean,"February 15, 2022",365,"February 15, 2022",Home,Singapore,Fizzicle,Kombucha_brewery,Singapore,Singapore,NA,NA,NA,Home,NA,NA,NA,NA,172012928,169050469,2,TBD,TBD,TBD,"March 1, 2022",Ice_pack,Yes,Switzerland,"March 3, 2022","1.3298483399560204, 103.77767017122122"
LNM58,Miso,Singapore,,Bean,"February 15, 2022",365,"February 15, 2022",Home,Singapore,Fizzicle,Kombucha_brewery,Singapore,Singapore,NA,NA,NA,Home,NA,NA,NA,NA,172012928,169050469,2,TBD,TBD,TBD,"March 1, 2022",Ice_pack,Yes,Switzerland,"March 3, 2022","1.3298483399560204, 103.77767017122122"
LNM59,Miso,Singapore,,Bean,"February 15, 2022",365,"February 15, 2022",Home,Singapore,Fizzicle,Kombucha_brewery,Singapore,Singapore,NA,NA,NA,Home,NA,NA,NA,NA,172012928,169050469,2,TBD,TBD,TBD,"March 1, 2022",Ice_pack,Yes,Switzerland,"March 3, 2022","1.3298483399560204, 103.77767017122122"
LNM60,Miso,Singapore,,Bean,"February 15, 2022",730,"February 15, 2022",Home,Singapore,Fizzicle,Kombucha_brewery,Singapore,Singapore,NA,NA,NA,Home,NA,NA,NA,NA,172012928,169050469,2,TBD,TBD,TBD,"March 1, 2022",Ice_pack,Yes,Switzerland,"March 3, 2022","1.3298483399560204, 103.77767017122122"
LNM61,Kombucha_pellicle,Singapore,Kombucha_pair_1,Drink,"February 15, 2022",10,"February 15, 2022",Kombucha_shop,Singapore,Fizzicle,Kombucha_brewery,Singapore,Singapore,NA,NA,NA,Local,NA,NA,NA,NA,172012928,169050469,2,TBD,TBD,TBD,"March 1, 2022",Ice_pack,Yes,Switzerland,"March 3, 2022","1.3298483399560204, 103.77767017122122"
LNM62,Kombucha_liquid,Singapore,Kombucha_pair_1,Drink,"February 15, 2022",10,"February 15, 2022",Kombucha_shop,Singapore,Fizzicle,Kombucha_brewery,Singapore,Singapore,NA,NA,NA,Local,NA,NA,NA,NA,172012928,169050469,2,TBD,TBD,TBD,"March 1, 2022",Ice_pack,Yes,Switzerland,"March 3, 2022","1.3298483399560204, 103.77767017122122"
LNM63,Kombucha_pellicle,Singapore,Kombucha_pair_2,Drink,"February 15, 2022",10,"February 15, 2022",Kombucha_shop,Singapore,Fizzicle,Kombucha_brewery,Singapore,Singapore,NA,NA,NA,Local,NA,NA,NA,NA,172012928,169050469,2,TBD,TBD,TBD,"March 1, 2022",Ice_pack,Yes,Switzerland,"March 3, 2022","1.3298483399560204, 103.77767017122122"
LNM64,Kombucha_liquid,Singapore,Kombucha_pair_2,Drink,"February 15, 2022",10,"February 15, 2022",Kombucha_shop,Singapore,Fizzicle,Kombucha_brewery,Singapore,Singapore,NA,NA,NA,Local,NA,NA,NA,NA,172012928,169050469,2,TBD,TBD,TBD,"March 1, 2022",Ice_pack,Yes,Switzerland,"March 3, 2022","1.3298483399560204, 103.77767017122122"
LNM65,Kombucha_liquid,Singapore,,Drink,"February 15, 2022",2,"February 15, 2022",Kombucha_shop,Singapore,Fizzicle,Kombucha_brewery,Singapore,Singapore,NA,NA,NA,Local,NA,NA,NA,NA,172012928,169050469,2,TBD,TBD,TBD,"March 1, 2022",Ice_pack,Yes,Switzerland,"March 3, 2022","1.3298483399560204, 103.77767017122122"
LNM66,Junbucha_liquid,Singapore,,Drink,"February 15, 2022",2,"February 15, 2022",Kombucha_shop,Singapore,Fizzicle,Kombucha_brewery,Singapore,Singapore,NA,NA,NA,Local,NA,NA,NA,NA,172012928,169050469,2,TBD,TBD,TBD,"March 1, 2022",Ice_pack,Yes,Switzerland,"March 3, 2022","1.3298483399560204, 103.77767017122122"
LNM67,Water_kefir,Singapore,,Drink,"February 15, 2022",11,"February 15, 2022",Home,Singapore,Fizzicle,Kombucha_brewery,Singapore,Singapore,NA,NA,NA,Home,NA,NA,NA,NA,172012928,169050469,2,TBD,TBD,TBD,"March 1, 2022",Ice_pack,Yes,Switzerland,"March 3, 2022","1.3298483399560204, 103.77767017122122"
LNM68,Kimchi,Singapore,,Vegetable,"February 15, 2022",730,"February 15, 2022",Home,Singapore,Fizzicle,Kombucha_brewery,Singapore,Singapore,NA,NA,NA,Home,NA,NA,NA,NA,172012928,169050469,2,TBD,TBD,TBD,"March 1, 2022",Ice_pack,Yes,Switzerland,"March 3, 2022","1.3298483399560204, 103.77767017122122"
LNM69,NEG_CTRL,Singapore,,Control,"February 19, 2022",NA,"February 21, 2022",Lab,Singapore,Lab,Lab,Singapore,Singapore,NA,NA,NA,Lab,NA,NA,NA,NA,172012928,169050469,2,TBD,TBD,TBD,"March 1, 2022",Ice_pack,Yes,Switzerland,"March 3, 2022","1.3298483399560204, 103.77767017122122"
LNM70,Fermented_durian,Singapore,,Fruit,"February 19, 2022",736,"February 21, 2022",Home,Singapore,Starter_culture,Kombucha_brewery,Singapore,Singapore,NA,NA,NA,Home,NA,NA,NA,NA,172012928,169050469,2,TBD,TBD,TBD,"March 1, 2022",Ice_pack,Yes,Switzerland,"March 3, 2022","1.3298483399560204, 103.77767017122122"
LNM71,Fermented_chilli,Singapore,,Vegetable,"February 19, 2022",963,"February 21, 2022",Home,Singapore,Starter_culture,Kombucha_brewery,Singapore,Singapore,NA,NA,NA,Home,NA,NA,NA,NA,172012928,169050469,2,TBD,TBD,TBD,"March 1, 2022",Ice_pack,Yes,Switzerland,"March 3, 2022","1.3298483399560204, 103.77767017122122"
LNM72,Fish_sauce,Singapore,,Fish,"February 19, 2022",963,"February 21, 2022",Home,Singapore,Starter_culture,Kombucha_brewery,Singapore,Singapore,NA,NA,NA,Home,NA,NA,NA,NA,172012928,169050469,2,TBD,TBD,TBD,"March 1, 2022",Ice_pack,Yes,Switzerland,"March 3, 2022","1.3298483399560204, 103.77767017122122"
LNM73,Soy_Miso,Singapore,,Bean,"February 19, 2022",933,"February 21, 2022",Home,Singapore,Starter_culture,Kombucha_brewery,Singapore,Singapore,NA,NA,NA,Home,NA,NA,NA,NA,172012928,169050469,2,TBD,TBD,TBD,"March 1, 2022",Ice_pack,Yes,Switzerland,"March 3, 2022","1.3298483399560204, 103.77767017122122"
LNM74,Tempeh_Miso,Singapore,,Bean,"February 19, 2022",983,"February 21, 2022",Home,Singapore,Starter_culture,Kombucha_brewery,Singapore,Singapore,NA,NA,NA,Home,NA,NA,NA,NA,172012928,169050469,2,TBD,TBD,TBD,"March 1, 2022",Ice_pack,Yes,Switzerland,"March 3, 2022","1.3298483399560204, 103.77767017122122"
LNM75,Ginger_beer,Singapore,,Drink,"February 19, 2022",,"February 21, 2022",Home,Singapore,Starter_culture,Kombucha_brewery,Singapore,Singapore,NA,NA,NA,Home,NA,NA,NA,NA,172012928,169050469,2,TBD,TBD,TBD,"March 1, 2022",Ice_pack,Yes,Switzerland,"March 3, 2022","1.3298483399560204, 103.77767017122122"
LNM76,Kombucha_liquid,Singapore,,Drink,"February 19, 2022",,"February 21, 2022",Kombucha_shop,Singapore,Starter_culture,Kombucha_brewery,Singapore,Singapore,NA,NA,NA,Local,NA,NA,NA,NA,172012928,169050469,2,TBD,TBD,TBD,"March 1, 2022",Ice_pack,Yes,Switzerland,"March 3, 2022","1.3298483399560204, 103.77767017122122"
LNM77,Kombucha_liquid,Singapore,,Drink,"February 19, 2022",,"February 21, 2022",Kombucha_shop,Singapore,Starter_culture,Kombucha_brewery,Singapore,Singapore,NA,NA,NA,Local,NA,NA,NA,NA,172012928,169050469,2,TBD,TBD,TBD,"March 1, 2022",Ice_pack,Yes,Switzerland,"March 3, 2022","1.3298483399560204, 103.77767017122122"
LNM78,Kombucha_liquid,Singapore,,Drink,"February 19, 2022",,"February 21, 2022",Kombucha_shop,Singapore,Starter_culture,Kombucha_brewery,Singapore,Singapore,NA,NA,NA,Local,NA,NA,NA,NA,172012928,169050469,2,TBD,TBD,TBD,"March 1, 2022",Ice_pack,Yes,Switzerland,"March 3, 2022","1.3298483399560204, 103.77767017122122"
LNM79,Kombucha_liquid,Singapore,,Drink,"February 19, 2022",,"February 21, 2022",Kombucha_shop,Singapore,Starter_culture,Kombucha_brewery,Singapore,Singapore,NA,NA,NA,Local,NA,NA,NA,NA,172012928,169050469,2,TBD,TBD,TBD,"March 1, 2022",Ice_pack,Yes,Switzerland,"March 3, 2022","1.3298483399560204, 103.77767017122122"
LNM80,Kombucha_liquid,Singapore,,Drink,"February 19, 2022",,"February 21, 2022",Kombucha_shop,Singapore,Starter_culture,Kombucha_brewery,Singapore,Singapore,NA,NA,NA,Local,NA,NA,NA,NA,172012928,169050469,2,TBD,TBD,TBD,"March 1, 2022",Ice_pack,Yes,Switzerland,"March 3, 2022","1.3298483399560204, 103.77767017122122"
LNM81,Kombucha_liquid,Singapore,,Drink,"February 19, 2022",,"February 21, 2022",Kombucha_shop,Singapore,Starter_culture,Kombucha_brewery,Singapore,Singapore,NA,NA,NA,Local,NA,NA,NA,NA,172012928,169050469,2,TBD,TBD,TBD,"March 1, 2022",Ice_pack,Yes,Switzerland,"March 3, 2022","1.3298483399560204, 103.77767017122122"
LNM82,Ginger_bug,Singapore,,Drink,"February 21, 2022",1825,"February 21, 2022",Home,Singapore,Tanjong_pagar_metro_station,Public,Singapore,Singapore,NA,NA,NA,Home,NA,NA,NA,NA,172012928,169050469,2,TBD,TBD,TBD,"March 1, 2022",Ice_pack,Yes,Switzerland,"March 3, 2022","1.3298483399560204, 103.77767017122122"
LNM83,Water_kefir_primary,Singapore,Kefir_evolution_1,Drink,"February 21, 2022",2,"February 21, 2022",Home,Singapore,Kent_ridge_metro_station,Public,Singapore,Singapore,NA,NA,NA,Home,NA,NA,NA,NA,172012928,169050469,2,TBD,TBD,TBD,"March 1, 2022",Ice_pack,Yes,Switzerland,"March 3, 2022","1.3298483399560204, 103.77767017122122"
LNM84,Water_kefir_secondary,Singapore,,Drink,"February 21, 2022",1,"February 21, 2022",Home,Singapore,Kent_ridge_metro_station,Public,Singapore,Singapore,NA,NA,NA,Home,NA,NA,NA,NA,172012928,169050469,2,TBD,TBD,TBD,"March 1, 2022",Ice_pack,Yes,Switzerland,"March 3, 2022","1.3298483399560204, 103.77767017122122"
LNM85,NEG_CTRL,Singapore,,Control,"February 24, 2022",NA,"February 24, 2022",Lab,Singapore,Lab,Lab,Singapore,Singapore,NA,NA,NA,Lab,NA,NA,NA,NA,172012928,169050469,2,TBD,TBD,TBD,"March 1, 2022",Ice_pack,Yes,Switzerland,"March 3, 2022","1.3298483399560204, 103.77767017122122"
LNM86,Chickpea_tamari,Singapore,,Bean,"February 22, 2022",652,"February 24, 2022",Home,Singapore,Marine_parade_house,Home,Singapore,Singapore,NA,NA,NA,Home,NA,NA,NA,NA,172012928,169050469,2,TBD,TBD,TBD,"March 1, 2022",Ice_pack,Yes,Switzerland,"March 3, 2022","1.3298483399560204, 103.77767017122122"
LNM87,Fermented_hawthorne,Singapore,,Fruit,"February 22, 2022",838,"February 24, 2022",Home,Singapore,Marine_parade_house,Home,Singapore,Singapore,NA,NA,NA,Home,NA,NA,NA,NA,172012928,169050469,2,TBD,TBD,TBD,"March 1, 2022",Ice_pack,Yes,Switzerland,"March 3, 2022","1.3298483399560204, 103.77767017122122"
LNM88,Fermented_peaches,Singapore,,Fruit,"February 22, 2022",958,"February 24, 2022",Home,Singapore,Marine_parade_house,Home,Singapore,Singapore,NA,NA,NA,Home,NA,NA,NA,NA,172012928,169050469,2,TBD,TBD,TBD,"March 1, 2022",Ice_pack,Yes,Switzerland,"March 3, 2022","1.3298483399560204, 103.77767017122122"
LNM89,Fermented_tofu,Singapore,,Bean,"February 22, 2022",237,"February 24, 2022",Home,Singapore,Marine_parade_house,Home,Singapore,Singapore,NA,NA,NA,Home,NA,NA,NA,NA,172012928,169050469,2,TBD,TBD,TBD,"March 1, 2022",Ice_pack,Yes,Switzerland,"March 3, 2022","1.3298483399560204, 103.77767017122122"
LNM90,Red_wine_vinegar,Singapore,,Vinegar,"February 22, 2022",258,"February 24, 2022",Home,Singapore,Marine_parade_house,Home,Singapore,Singapore,NA,NA,NA,Home,NA,NA,NA,NA,172012928,169050469,2,TBD,TBD,TBD,"March 1, 2022",Ice_pack,Yes,Switzerland,"March 3, 2022","1.3298483399560204, 103.77767017122122"
LNM91,Egg_yolk_shiitake_miso,Singapore,,Bean,"February 22, 2022",607,"February 24, 2022",Home,Singapore,Marine_parade_house,Home,Singapore,Singapore,NA,NA,NA,Home,NA,NA,NA,NA,172012928,169050469,2,TBD,TBD,TBD,"March 1, 2022",Ice_pack,Yes,Switzerland,"March 3, 2022","1.3298483399560204, 103.77767017122122"
LNM92,Mirin,Singapore,,Vinegar,"February 22, 2022",913,"February 24, 2022",Home,Singapore,Marine_parade_house,Home,Singapore,Singapore,NA,NA,NA,Home,NA,NA,NA,NA,172012928,169050469,2,TBD,TBD,TBD,"March 1, 2022",Ice_pack,Yes,Switzerland,"March 3, 2022","1.3298483399560204, 103.77767017122122"
LNM93,Orange_peel_daal_miso,Singapore,,Bean,"February 22, 2022",544,"February 24, 2022",Home,Singapore,Marine_parade_house,Home,Singapore,Singapore,NA,NA,NA,Home,NA,NA,NA,NA,172012928,169050469,2,TBD,TBD,TBD,"March 1, 2022",Ice_pack,Yes,Switzerland,"March 3, 2022","1.3298483399560204, 103.77767017122122"
LNM94,Lions_mane_chickpea,Singapore,,Bean,"February 22, 2022",268,"February 24, 2022",Home,Singapore,Marine_parade_house,Home,Singapore,Singapore,NA,NA,NA,Home,NA,NA,NA,NA,172012928,169050469,2,TBD,TBD,TBD,"March 1, 2022",Ice_pack,Yes,Switzerland,"March 3, 2022","1.3298483399560204, 103.77767017122122"
LNM95,Peas_miso,Singapore,,Bean,"February 22, 2022",526,"February 24, 2022",Home,Singapore,Marine_parade_house,Home,Singapore,Singapore,NA,NA,NA,Home,NA,NA,NA,NA,172012928,169050469,2,TBD,TBD,TBD,"March 1, 2022",Ice_pack,Yes,Switzerland,"March 3, 2022","1.3298483399560204, 103.77767017122122"
LNM96,Black_olive_mugi_miso,Singapore,,Bean,"February 22, 2022",1190,"February 24, 2022",Home,Singapore,Marine_parade_house,Home,Singapore,Singapore,NA,NA,NA,Home,NA,NA,NA,NA,172012928,169050469,2,TBD,TBD,TBD,"March 1, 2022",Ice_pack,Yes,Switzerland,"March 3, 2022","1.3298483399560204, 103.77767017122122"
LNM97,Ginger_bug,Singapore,,Drink,"February 23, 2022",365,"February 24, 2022",Home,Singapore,Marine_parade_house,Home,Singapore,Singapore,NA,NA,NA,Home,NA,NA,NA,NA,172012928,169050469,2,TBD,TBD,TBD,"March 1, 2022",Ice_pack,Yes,Switzerland,"March 3, 2022","1.3298483399560204, 103.77767017122122"
LNM98,Yuzu_vingear,Singapore,,Vinegar,"February 23, 2022",14,"February 24, 2022",Home,Singapore,Geylang_hotel,Home,Singapore,Singapore,NA,NA,NA,Home,NA,NA,NA,NA,172012928,169050469,2,TBD,TBD,TBD,"March 1, 2022",Ice_pack,Yes,Switzerland,"March 3, 2022","1.3298483399560204, 103.77767017122122"
LNM99,Kimchi,Singapore,,Vegetable,"February 23, 2022",35,"February 24, 2022",Home,Singapore,Tampines_house,Home,Singapore,Singapore,NA,NA,NA,Home,NA,NA,NA,NA,172012928,169050469,2,TBD,TBD,TBD,"March 1, 2022",Ice_pack,Yes,Switzerland,"March 3, 2022","1.3298483399560204, 103.77767017122122"
LNM100,Nanru,Singapore,,Bean,"February 23, 2022",20,"February 24, 2022",Home,Singapore,Tampines_house,Home,Singapore,Singapore,NA,NA,NA,Home,NA,NA,NA,NA,172012928,169050469,2,TBD,TBD,TBD,"March 1, 2022",Ice_pack,Yes,Switzerland,"March 3, 2022","1.3298483399560204, 103.77767017122122"
LNM101,Phak-gard-dong,Pa_yup_nai,,Vegetable,"March 17, 2022",5,"March 17, 2022",Home,Thailand,Payupnai_market,Farmers_Market,Pa_yup_nai,Thailand,NA,NA,NA,Home,NA,NA,NA,NA,172013292,169048551,3,11,1.56,TBD,,,,Thailand,,"13.015514153765459, 101.46733557640319"
LNM102,Pla-ra,Pa_yup_nai,,Fish,"March 17, 2022",365,"March 17, 2022",Home,Thailand,Payupnai_market,Farmers_Market,Pa_yup_nai,Thailand,NA,NA,NA,Home,NA,NA,NA,NA,172013292,169048551,3,11.8,1.59,TBD,,,,Thailand,,"13.015514153765459, 101.46733557640319"
LNM103,Khanom-jeen,Pa_yup_nai,,Rice,"March 17, 2022",2,"March 17, 2022",Home,Thailand,Payupnai_market,Farmers_Market,Pa_yup_nai,Thailand,NA,NA,NA,Home,NA,NA,NA,NA,172013292,169048551,3,22.6,0.96,TBD,,,,Thailand,,"13.015514153765459, 101.46733557640319"
LNM104,Hoi-dong,Pa_yup_nai,,Shellfish,"March 17, 2022",,"March 17, 2022",Home,Thailand,Payupnai_market,Farmers_Market,Pa_yup_nai,Thailand,NA,NA,NA,Home,NA,NA,NA,NA,172013292,169048551,3,1.2,0.58,TBD,,,,Thailand,,"13.015514153765459, 101.46733557640319"
LNM105,Ma-yom-dong,Pa_yup_nai,,Fruit,"March 17, 2022",5,"March 17, 2022",Home,Thailand,Payupnai_market,Farmers_Market,Pa_yup_nai,Thailand,NA,NA,NA,Home,NA,NA,NA,NA,172013292,169048551,3,0.4,0.1,TBD,,,,Thailand,,"13.015514153765459, 101.46733557640319"
LNM106,NEG_CTRL,Pa_yup_nai,,Control,"March 17, 2022",NA,"March 17, 2022",Lab,Thailand,Lab,Lab,Pa_yup_nai,Thailand,NA,NA,NA,Lab,NA,NA,NA,NA,172013292,169048551,3,0,0,TBD,,,,Thailand,,"13.015514153765459, 101.46733557640319"
LNM107,Pig_intestine,Chanthaburi,Intestine_group_1,Intestine,"March 19, 2022",,"March 21, 2022",Home,Thailand,Chantaboon_waterfront_market,Farmers_Market,Chanthaburi,Thailand,NA,NA,NA,Home,NA,NA,NA,NA,172013292,169048551,3,122,1.77,TBD,,,,Thailand,,"12.610146868826586, 102.11365738722915"
LNM108,Sai_krog_isan,Chanthaburi,Intestine_group_1,Meat,"March 19, 2022",,"March 21, 2022",Home,Thailand,Chantaboon_waterfront_market,Farmers_Market,Chanthaburi,Thailand,NA,NA,NA,Home,NA,NA,NA,NA,172013292,169048551,3,22.86,1.59,TBD,,,,Thailand,,"12.610146868826586, 102.11365738722915"
LNM109,Sai_krog_isan,Chanthaburi,Intestine_group_1,Meat,"March 19, 2022",,"March 21, 2022",Home,Thailand,Chantaboon_waterfront_market,Farmers_Market,Chanthaburi,Thailand,NA,NA,NA,Home,NA,NA,NA,NA,172013292,169048551,3,34.3,1.59,TBD,,,,Thailand,,"12.610146868826586, 102.11365738722915"
LNM110,Sai_krog_isan,Chanthaburi,Intestine_group_1,Meat,"March 19, 2022",,"March 21, 2022",Home,Thailand,Chantaboon_waterfront_market,Farmers_Market,Chanthaburi,Thailand,NA,NA,NA,Home,NA,NA,NA,NA,172013292,169048551,3,78.7,1.79,TBD,,,,Thailand,,"12.610146868826586, 102.11365738722915"
LNM111,Kapi,Chanthaburi,,Crustacean,"March 19, 2022",60,"March 21, 2022",Home,Thailand,Chantaboon_waterfront_market,Farmers_Market,Chanthaburi,Thailand,NA,NA,NA,Home,NA,NA,NA,NA,172013292,169048551,3,3.3,0.58,TBD,,,,Thailand,,"12.610146868826586, 102.11365738722915"
LNM112,Kapi,Chanthaburi,,Crustacean,"March 19, 2022",365,"March 21, 2022",Home,Thailand,Chantaboon_waterfront_market,Farmers_Market,Chanthaburi,Thailand,NA,NA,NA,Home,NA,NA,NA,NA,172013292,169048551,3,9.1,0.87,TBD,,,,Thailand,,"12.610146868826586, 102.11365738722915"
LNM113,Fish_sauce,Nong_bua,Fish_sauce_evolution_1,Fish,"March 19, 2022",30,"March 21, 2022",Home,Thailand,Nong_bua_walking_street,Farmers_Market,Nong_bua,Thailand,NA,NA,NA,Home,NA,NA,NA,NA,172013292,169048551,3,2.1,0.33,TBD,,,,Thailand,,"17.181241616576017, 102.44341445926827"
LNM114,Fish_sauce,Nong_bua,Fish_sauce_evolution_1,Fish,"March 19, 2022",365,"March 21, 2022",Home,Thailand,Nong_bua_walking_street,Farmers_Market,Nong_bua,Thailand,NA,NA,NA,Home,NA,NA,NA,NA,172013292,169048551,3,0.3,0.03,TBD,,,,Thailand,,"17.181241616576017, 102.44341445926827"
LNM115,Khaomak,Nong_bua,,Rice,"March 19, 2022",2,"March 21, 2022",Home,Thailand,Nong_bua_walking_street,Farmers_Market,Nong_bua,Thailand,NA,NA,NA,Home,NA,NA,NA,NA,172013292,169048551,3,13,0.79,TBD,,,,Thailand,,"17.181241616576017, 102.44341445926827"
LNM116,King-dong,Pa_yup_nai,,Vegetable,"March 19, 2022",2,"March 21, 2022",Home,Thailand,Payupnai_market,Farmers_Market,Pa_yup_nai,Thailand,NA,NA,NA,Home,NA,NA,NA,NA,172013292,169048551,3,111,0.99,TBD,,,,Thailand,,"13.015514153765459, 101.46733557640319"
LNM117,Khanom-jeen,Pa_yup_nai,,Rice,"March 19, 2022",3,"March 21, 2022",Home,Thailand,Payupnai_market,Store,Pa_yup_nai,Thailand,NA,NA,NA,Home,NA,NA,NA,NA,172013292,169048551,3,0.3,0.44,TBD,,,,Thailand,,"13.015514153765459, 101.46733557640319"
LNM118,Ya-dong,Pa_yup_nai,,Drink,"March 18, 2022",30,"March 21, 2022",Home,Thailand,Payupnai_market,Farmers_Market,Pa_yup_nai,Thailand,NA,NA,NA,Home,NA,NA,NA,NA,172013292,169048551,3,4.4,0.7,TBD,,,,Thailand,,"13.015514153765459, 101.46733557640319"
LNM119,Tao-Jiao,Tha_din_daeng_market,,Bean,"March 21, 2022",180,"March 21, 2022",Home,Thailand,VISTEC,Lab,Pa_yup_nai,Thailand,NA,NA,NA,Home,NA,NA,NA,NA,172013292,169048551,3,4.6,0.9,TBD,,,,Thailand,,"13.733704706623477, 100.50228077183769"
LNM120,NEG_CTRL,Pa_yup_nai,,Control,"March 21, 2022",NA,"March 21, 2022",Lab,Thailand,Lab,Lab,Lab,Thailand,NA,NA,NA,Lab,NA,NA,NA,NA,172013292,169048551,3,1,0.6,TBD,,,,Thailand,,"13.015514153765459, 101.46733557640319"
LNM121,Naw-mai-dong,Chum_saeng,,Vegetable,"March 21, 2022",365,"March 22, 2022",Home,Thailand,Chum_saeng_Market,Farmers_Market,Chum_saeng,Thailand,NA,NA,NA,Home,NA,NA,NA,NA,172013292,169048551,3,0,0,TBD,,,,Thailand,,"15.893166936807386, 100.30732321613154"
LNM122,Pa-tong-go,Chum_saeng,,Bread,"March 21, 2022",2,"March 22, 2022",Home,Thailand,Chum_saeng_Market,Farmers_Market,Chum_saeng,Thailand,NA,NA,NA,Home,NA,NA,NA,NA,172013292,169048551,3,99,1.8,TBD,,,,Thailand,,"15.893166936807386, 100.30732321613154"
LNM123,Tao-Jiao,Chum_saeng,,Bean,"March 22, 2022",14,"March 22, 2022",Home,Thailand,Wang_chan_Market,Farmers_Market,Chum_saeng,Thailand,NA,NA,NA,Home,NA,NA,NA,NA,172013292,169048551,3,6,1.66,TBD,,,,Thailand,,"15.893166936807386, 100.30732321613154"
LNM124,Phak-gard-dong,Chum_saeng,,Vegetable,"March 22, 2022",3,"March 22, 2022",Home,Thailand,Wang_chan_Market,Farmers_Market,Chum_saeng,Thailand,NA,NA,NA,Home,NA,NA,NA,NA,172013292,169048551,3,0.6,0.35,TBD,,,,Thailand,,"15.893166936807386, 100.30732321613154"
LNM125,Pla-som,Chum_saeng,,Fish,"March 22, 2022",7,"March 22, 2022",Home,Thailand,Wang_chan_Market,Farmers_Market,Chum_saeng,Thailand,NA,NA,NA,Home,NA,NA,NA,NA,172013292,169048551,3,62.7,1.71,TBD,,,,Thailand,,"15.893166936807386, 100.30732321613154"
LNM126,Pla-ra,Chum_saeng,,Fish,"March 22, 2022",30,"March 22, 2022",Home,Thailand,Wang_chan_Market,Farmers_Market,Chum_saeng,Thailand,NA,NA,NA,Home,NA,NA,NA,NA,172013292,169048551,3,31,1.65,TBD,,,,Thailand,,"15.893166936807386, 100.30732321613154"
LNM127,Jellyfish,Chum_saeng,,Fish,"March 22, 2022",10,"March 22, 2022",Home,Thailand,Wang_chan_Market,Farmers_Market,Chum_saeng,Thailand,NA,NA,NA,Home,NA,NA,NA,NA,172013292,169048551,3,0.8,0.7,TBD,,,,Thailand,,"15.893166936807386, 100.30732321613154"
LNM128,Bile,Chum_saeng,,Unclear,"March 22, 2022",3,"March 22, 2022",Home,Thailand,Wang_chan_Market,Farmers_Market,Chum_saeng,Thailand,NA,NA,NA,Home,NA,NA,NA,NA,172013292,169048551,3,0,0,TBD,,,,Thailand,,"15.893166936807386, 100.30732321613154"
LNM129,Cow_intestine,Chum_saeng,,Intestine,"March 22, 2022",0,"March 22, 2022",Home,Thailand,Wang_chan_Market,Farmers_Market,Chum_saeng,Thailand,NA,NA,NA,Home,NA,NA,NA,NA,172013292,169048551,3,39,1.8,TBD,,,,Thailand,,"15.893166936807386, 100.30732321613154"
LNM130,NEG_CTRL,Pa_yup_nai,,Control,"March 22, 2022",NA,"March 22, 2022",Lab,Thailand,Lab,Lab,Pa_yup_nai,Thailand,NA,NA,NA,Lab,NA,NA,NA,NA,172013292,169048551,3,1.6,1.2,TBD,,,,Thailand,,"13.015514153765459, 101.46733557640319"
LNM131,Pu Dong,Chum_saeng,,Crustacean,"March 23, 2022",1,"March 25, 2022",Home,Thailand,Chum_saeng_Market,Farmers_Market,Chum_saeng,Thailand,NA,NA,NA,Home,NA,NA,NA,NA,172013292,169048551,3,47.8,1.7,TBD,,,,Thailand,,"15.893166936807386, 100.30732321613154"
LNM132,Daikon-radish,Chum_saeng,,Vegetable,"March 23, 2022",3,"March 25, 2022",Home,Thailand,Chum_saeng_Market,Farmers_Market,Chum_saeng,Thailand,NA,NA,NA,Home,NA,NA,NA,NA,172013292,169048551,3,0,0,TBD,,,,Thailand,,"15.893166936807386, 100.30732321613154"
LNM133,Fish_sauce,Rayong,Fish_sauce_group_1,Fish,"March 24, 2022",365,"March 25, 2022",Factory,Thailand,Tang_tai_shiang_Fish_Sauce,Factory,Rayong,Thailand,NA,NA,NA,Trachang,NA,NA,NA,NA,172013292,169048551,3,0,0,TBD,,,,Thailand,,"12.66386217977853, 101.14449212552185"
LNM134,Fish_sauce,Rayong,Fish_sauce_group_1,Fish,"March 24, 2022",365,"March 25, 2022",Factory,Thailand,Tang_tai_shiang_Fish_Sauce,Factory,Rayong,Thailand,NA,NA,NA,Trachang,NA,NA,NA,NA,172013292,169048551,3,12,1,TBD,,,,Thailand,,"12.66386217977853, 101.14449212552185"
LNM135,Fish_sauce,Rayong,Fish_sauce_group_1,Fish,"March 24, 2022",365,"March 25, 2022",Factory,Thailand,Tang_tai_shiang_Fish_Sauce,Factory,Rayong,Thailand,NA,NA,NA,Trachang,NA,NA,NA,NA,172013292,169048551,3,0.8,1.1,TBD,,,,Thailand,,"12.66386217977853, 101.14449212552185"
LNM136,Kombucha,Pa_yup_nai,Bring_the_booch,Drink,"March 25, 2022",7,"March 25, 2022",Home,Thailand,Home,Home,Pa_yup_nai,Thailand,NA,NA,NA,Home,NA,NA,NA,NA,172013292,169048551,3,31,1,TBD,,,,Thailand,,"13.015514153765459, 101.46733557640319"
LNM137,Fermented_jellyfish,Chum_saeng,,Fish,"March 25, 2022",8,"March 25, 2022",Home,Thailand,Chum_saeng_Market,Farmers_Market,Chum_saeng,Thailand,NA,NA,NA,Home,NA,NA,NA,NA,172013292,169048551,3,0.7,0.7,TBD,,,,Thailand,,"15.893166936807386, 100.30732321613154"
LNM138,Kung-om_shrimp,Chum_saeng,,Crustacean,"March 25, 2022",7,"March 25, 2022",Home,Thailand,Chum_saeng_Market,Farmers_Market,Chum_saeng,Thailand,NA,NA,NA,Home,NA,NA,NA,NA,172013292,169048551,3,82,1.6,TBD,,,,Thailand,,"15.893166936807386, 100.30732321613154"
LNM139,Plajom_minnow,Chum_saeng,,Fish,"March 25, 2022",7,"March 25, 2022",Home,Thailand,Chum_saeng_Market,Farmers_Market,Chum_saeng,Thailand,NA,NA,NA,Home,NA,NA,NA,NA,172013292,169048551,3,62,1.7,TBD,,,,Thailand,,"15.893166936807386, 100.30732321613154"
LNM140,Pla-ra_gouramis,Chum_saeng,,Fish,"March 25, 2022",180,"March 25, 2022",Home,Thailand,Chum_saeng_Market,Farmers_Market,Chum_saeng,Thailand,NA,NA,NA,Home,NA,NA,NA,NA,172013292,169048551,3,11,1.9,TBD,,,,Thailand,,"15.893166936807386, 100.30732321613154"
LNM141,Pla-ra_carp,Chum_saeng,,Fish,"March 25, 2022",180,"March 25, 2022",Home,Thailand,Chum_saeng_Market,Farmers_Market,Chum_saeng,Thailand,NA,NA,NA,Home,NA,NA,NA,NA,172013292,169048551,3,12,2.1,TBD,,,,Thailand,,"15.893166936807386, 100.30732321613154"
LNM142,Pla-som,Chum_saeng,,Fish,"March 25, 2022",7,"March 25, 2022",Home,Thailand,Chum_saeng_Market,Farmers_Market,Chum_saeng,Thailand,NA,NA,NA,Home,NA,NA,NA,NA,172013292,169048551,3,42,1.9,TBD,,,,Thailand,,"15.893166936807386, 100.30732321613154"
LNM143,Naw-mai-dong,Chum_saeng,,Vegetable,"March 25, 2022",180,"March 25, 2022",Home,Thailand,Chum_saeng_Market,Farmers_Market,Chum_saeng,Thailand,NA,NA,NA,Home,NA,NA,NA,NA,172013292,169048551,3,0,0,TBD,,,,Thailand,,"15.893166936807386, 100.30732321613154"
LNM144,Nam,Chum_saeng,,Meat,"March 25, 2022",3,"March 25, 2022",Home,Thailand,Chum_saeng_Market,Farmers_Market,Chum_saeng,Thailand,NA,NA,NA,Home,NA,NA,NA,NA,172013292,169048551,3,81,1.8,TBD,,,,Thailand,,"15.893166936807386, 100.30732321613154"
LNM145,Phak-sian-dong,Chum_saeng,,Vegetable,"March 25, 2022",7,"March 25, 2022",Home,Thailand,Chum_saeng_Market,Farmers_Market,Chum_saeng,Thailand,NA,NA,NA,Home,NA,NA,NA,NA,172013292,169048551,3,11,1.2,TBD,,,,Thailand,,"15.893166936807386, 100.30732321613154"
LNM146,NEG_CTRL,Pa_yup_nai,,Control,"March 25, 2022",NA,"March 25, 2022",Lab,Thailand,Lab,Lab,Pa_yup_nai,Thailand,NA,NA,NA,Lab,NA,NA,NA,NA,172013292,169048551,3,0,0,TBD,,,,Thailand,,"13.015514153765459, 101.46733557640319"
LNM147,Khanom-jeen-contam,Pa_yup_nai,,Rice,"March 25, 2022",9,"March 25, 2022",Home,Thailand,Payupnai_market,Store,Pa_yup_nai,Thailand,NA,NA,NA,Home,NA,NA,NA,NA,172013292,169048551,3,7,1.6,TBD,,,,Thailand,,"13.015514153765459, 101.46733557640319"
LNM148,Khanom-jeen-contam,Pa_yup_nai,,Rice,"March 25, 2022",9,"March 25, 2022",Home,Thailand,Payupnai_market,Store,Pa_yup_nai,Thailand,NA,NA,NA,Home,NA,NA,NA,NA,172013292,169048551,3,57,1.7,TBD,,,,Thailand,,"13.015514153765459, 101.46733557640319"
LNM149,Look_peang_Sato,"Non narai, Surin",,Drink,"March 29, 2022",30,"March 30, 2022",Home,Thailand,BIOTEC,Lab,Klong_Nueng_Klong_Luang_Pathumthani,Thailand,NA,NA,NA,Home,NA,NA,NA,NA,172013292,169048551,4,13.5,1.91,0.34,,,,Thailand,,"15.159129054490473, 103.88043689288001"
LNM150,Look_peang_khao_mak,"Non narai, Surin",,Rice,"March 29, 2022",30,"March 30, 2022",Home,Thailand,BIOTEC,Lab,Klong_Nueng_Klong_Luang_Pathumthani,Thailand,NA,NA,NA,Home,NA,NA,NA,NA,172013292,169048551,4,20.2,1.77,0.33,,,,Thailand,,"15.159129054490473, 103.88043689288001"
LNM151,Khao_Mak,"Talad Tadsabarn Kham Thale So, Nakhon Ratchasima",Khaomak_evolution,Rice,"March 29, 2022",2,"March 30, 2022",Home,Thailand,Talad_Tadsabarn_Kham_Thale_So_market,Farmers_Market,"Talad Tadsabarn Kham Thale So, Nakhon Ratchasima",Thailand,NA,NA,NA,Home,NA,NA,NA,NA,172013292,169048551,4,8.8,1.97,0.18,,,,Thailand,,"14.974664219722111, 102.05345704877134"
LNM152,Naw_mai_dong,"Talad Tadsabarn Kham Thale So, Nakhon Ratchasima",,Vegetable,"March 29, 2022",Unknown,"March 30, 2022",Home,Thailand,Talad_Tadsabarn_Kham_Thale_So_market,Farmers_Market,"Talad Tadsabarn Kham Thale So, Nakhon Ratchasima",Thailand,NA,NA,NA,Home,NA,NA,NA,NA,172013292,169048551,4,9.7,1.12,0.21,,,,Thailand,,"14.974664219722111, 102.05345704877134"
LNM153,Pu_dong,"Talad Tadsabarn Kham Thale So, Nakhon Ratchasima",,Crustacean,"March 29, 2022",Unknown,"March 30, 2022",Home,Thailand,Talad_Tadsabarn_Kham_Thale_So_market,Farmers_Market,"Talad Tadsabarn Kham Thale So, Nakhon Ratchasima",Thailand,NA,NA,NA,Home,NA,NA,NA,NA,172013292,169048551,4,46,1.59,0.37,,,,Thailand,,"14.974664219722111, 102.05345704877134"
LNM154,Sai_krok_isan,"Talad Tadsabarn Kham Thale So, Nakhon Ratchasima",Intestine_group_2,Meat,"March 29, 2022",1,"March 30, 2022",Home,Thailand,Talad_Tadsabarn_Kham_Thale_So_market,Farmers_Market,"Talad Tadsabarn Kham Thale So, Nakhon Ratchasima",Thailand,NA,NA,NA,Home,NA,NA,NA,NA,172013292,169048551,4,40.2,1.88,0.78,,,,Thailand,,"14.974664219722111, 102.05345704877134"
LNM155,Sai_krok_isan_(the_intestine_from_154),"Talad Tadsabarn Kham Thale So, Nakhon Ratchasima",Intestine_group_2,Meat,"March 29, 2022",1,"March 30, 2022",Home,Thailand,Talad_Tadsabarn_Kham_Thale_So_market,Farmers_Market,"Talad Tadsabarn Kham Thale So, Nakhon Ratchasima",Thailand,NA,NA,NA,Home,NA,NA,NA,NA,172013292,169048551,4,41.1,1.87,0.52,,,,Thailand,,"14.974664219722111, 102.05345704877134"
LNM156,Nam_moo_haw_bai_tong,"Ban Pudsa, Panao, Muang, Nakhon Ratchasima (the 1st house)",Sausage_evolution,Meat,"March 29, 2022",1,"March 30, 2022",Home,Thailand,Home_1,Home,"Ban Pudsa, Panao, Muang, Nakhon Ratchasima (the 1st house)",Thailand,NA,NA,NA,Home,NA,NA,NA,NA,172013292,169048551,4,219.2,1.83,1.81,,,,Thailand,,"15.03575289431413, 102.05620242399863"
LNM157,Nam_moo_haw_bai_tong,"Ban Pudsa, Panao, Muang, Nakhon Ratchasima (the 1st house)",Sausage_evolution,Meat,"March 29, 2022",2,"March 30, 2022",Home,Thailand,Home_1,Home,"Ban Pudsa, Panao, Muang, Nakhon Ratchasima (the 1st house)",Thailand,NA,NA,NA,Home,NA,NA,NA,NA,172013292,169048551,4,93.4,1.84,0.96,,,,Thailand,,"15.03575289431413, 102.05620242399863"
LNM158,Nam_moo_haw_bai_tong,"Ban Pudsa, Panao, Muang, Nakhon Ratchasima (the 1st house)",Sausage_evolution,Meat,"March 29, 2022",3,"March 30, 2022",Home,Thailand,Home_1,Home,"Ban Pudsa, Panao, Muang, Nakhon Ratchasima (the 1st house)",Thailand,NA,NA,NA,Home,NA,NA,NA,NA,172013292,169048551,4,189.3,1.82,1.7,,,,Thailand,,"15.03575289431413, 102.05620242399863"
LNM159,Nam_moo_haw_bai_tong,"Ban Pudsa, Panao, Muang, Nakhon Ratchasima (the 2nd house)",,Meat,"March 29, 2022",1,"March 30, 2022",Home,Thailand,Home_2,Home,"Ban Pudsa, Panao, Muang, Nakhon Ratchasima (the 2nd house)",Thailand,NA,NA,NA,Home,NA,NA,NA,NA,172013292,169048551,4,206,1.84,2.21,,,,Thailand,,"15.03575289431413, 102.05620242399863"
LNM160,Pla_som,"Talad Ya mo, Muang, Nakhon Ratchasima",,Fish,"March 29, 2022",4,"April 1, 2022",Home,Thailand,Talad_ya_mo_market,Farmers_Market,"Talad Ya mo, Muang, Nakhon Ratchasima",Thailand,NA,NA,NA,Home,NA,NA,NA,NA,172013292,169048551,4,108.3,1.84,1.23,,,,Thailand,,"14.971378899712168, 102.08126325325375"
LNM161,Pla_ra,"Talad Ya mo, Muang, Nakhon Ratchasima",,Fish,"March 29, 2022",4,"April 1, 2022",Home,Thailand,Talad_ya_mo_market,Farmers_Market,"Talad Ya mo, Muang, Nakhon Ratchasima",Thailand,NA,NA,NA,Home,NA,NA,NA,NA,172013292,169048551,4,164.2,1.87,0.22,,,,Thailand,,"14.971378899712168, 102.08126325325375"
LNM162,Pla_som_fug,"Talad Ya mo, Muang, Nakhon Ratchasima",,Fish,"March 29, 2022",4,"April 1, 2022",Home,Thailand,Talad_ya_mo_market,Farmers_Market,"Talad Ya mo, Muang, Nakhon Ratchasima",Thailand,NA,NA,NA,Home,NA,NA,NA,NA,172013292,169048551,4,15,1.93,0.19,,,,Thailand,,"14.971378899712168, 102.08126325325375"
LNM163,Kai_pla_som,"Talad Ya mo, Muang, Nakhon Ratchasima",Kai_pla_som_evolution,Fish,"March 29, 2022",1,"March 30, 2022",Home,Thailand,Talad_ya_mo_market,Farmers_Market,"Talad Ya mo, Muang, Nakhon Ratchasima",Thailand,NA,NA,NA,Home,NA,NA,NA,NA,172013292,169048551,4,11.2,1.96,0.6,,,,Thailand,,"14.971378899712168, 102.08126325325375"
LNM164,Pla_som_minnow,"Talad Ya mo, Muang, Nakhon Ratchasima",Pla_som_sa_wai_evolution,Fish,"March 29, 2022",1,"March 30, 2022",Home,Thailand,Talad_ya_mo_market,Farmers_Market,"Talad Ya mo, Muang, Nakhon Ratchasima",Thailand,NA,NA,NA,Home,NA,NA,NA,NA,172013292,169048551,4,79.8,1.87,0.96,,,,Thailand,,"14.971378899712168, 102.08126325325375"
LNM165,Pla_som_ta_pien,"Talad Ya mo, Muang, Nakhon Ratchasima",Pla_som_ta_pien_evolution,Fish,"March 29, 2022",1,"March 30, 2022",Home,Thailand,Talad_ya_mo_market,Farmers_Market,"Talad Ya mo, Muang, Nakhon Ratchasima",Thailand,NA,NA,NA,Home,NA,NA,NA,NA,172013292,169048551,4,32.3,1.83,1.11,,,,Thailand,,"14.971378899712168, 102.08126325325375"
LNM166,Pla_ra_nin,"Talad Ya mo, Muang, Nakhon Ratchasima",Pla_ra_nin_evolution,Fish,"March 29, 2022",1,"March 30, 2022",Home,Thailand,Talad_ya_mo_market,Farmers_Market,"Talad Ya mo, Muang, Nakhon Ratchasima",Thailand,NA,NA,NA,Home,NA,NA,NA,NA,172013292,169048551,4,20.3,1.85,1.19,,,,Thailand,,"14.971378899712168, 102.08126325325375"
LNM167,Mum_nuea,"mum ja yo () Sung noen, Nakhon Ratchasima",,Meat,"March 29, 2022",1,"March 30, 2022",Home,Thailand,Mum_ja_yo_store,Store,"mum ja yo () Sung noen, Nakhon Ratchasima",Thailand,NA,NA,NA,Home,NA,NA,NA,NA,172013292,169048551,4,75.2,1.86,1.44,,,,Thailand,,
LNM168,Sai_krok_moo_woon_sen,"mum ja yo () Sung noen, Nakhon Ratchasima",Sai_krok_moo_woon_sen_evolution,Meat,"March 29, 2022",2,"March 30, 2022",Home,Thailand,Mum_ja_yo_store,Store,"mum ja yo () Sung noen, Nakhon Ratchasima",Thailand,NA,NA,NA,Home,NA,NA,NA,NA,172013292,169048551,4,115.6,1.83,0.86,,,,Thailand,,
LNM169,Sai_krok_nuea,"mum ja yo () Sung noen, Nakhon Ratchasima",Sai_krok_nuea_evolution,Meat,"March 29, 2022",1,"March 30, 2022",Home,Thailand,Mum_ja_yo_store,Store,"mum ja yo () Sung noen, Nakhon Ratchasima",Thailand,NA,NA,NA,Home,NA,NA,NA,NA,172013292,169048551,4,235.7,1.84,1.55,,,,Thailand,,
LNM170,mum_moo,"mum ja yo () Sung noen, Nakhon Ratchasima",mum_moo_evolution,Meat,"March 29, 2022",1,"March 30, 2022",Home,Thailand,Mum_ja_yo_store,Store,"mum ja yo () Sung noen, Nakhon Ratchasima",Thailand,NA,NA,NA,Home,NA,NA,NA,NA,172013292,169048551,4,258,1.84,2,,,,Thailand,,
LNM171,sai_krok_moo,"mum ja yo () Sung noen, Nakhon Ratchasima",,Meat,"March 29, 2022",2,"March 30, 2022",Home,Thailand,Mum_ja_yo_store,Store,"mum ja yo () Sung noen, Nakhon Ratchasima",Thailand,NA,NA,NA,Home,NA,NA,NA,NA,172013292,169048551,4,152.1,1.83,1.32,,,,Thailand,,
LNM172,Hom-dong,Klong_Nueng_Klong_Luang_Pathumthani,Hom_dong_evolution,Vegetable,"March 29, 2022",0,"March 30, 2022",Lab,Thailand,BIOTEC,Lab,Klong_Nueng_Klong_Luang_Pathumthani,Thailand,NA,NA,NA,Home,NA,NA,NA,NA,172013292,169048551,4,24.4,1.54,0.27,,,,Thailand,,
LNM173,NEG_CTRL,Klong_Nueng_Klong_Luang_Pathumthani,,Control,"March 29, 2022",NA,"March 30, 2022",Lab,Thailand,Lab,Lab,Klong_Nueng_Klong_Luang_Pathumthani,Thailand,NA,NA,NA,Lab,NA,NA,NA,NA,172013292,169048551,4,3.4,1.43,0.04,,,,Thailand,,
LNM174,Kai_pla_som,"Talad Ya mo, Muang, Nakhon Ratchasima",Kai_pla_som_evolution,Fish,"March 29, 2022",3,"April 1, 2022",Home,Thailand,Talad_ya_mo_market,Farmers_Market,"Talad Ya mo, Muang, Nakhon Ratchasima",Thailand,NA,NA,NA,Home,NA,NA,NA,NA,172013292,169048551,4,15.3,1.95,0.19,,,,Thailand,,
LNM175,Pla_som_sa_wai,"Talad Ya mo, Muang, Nakhon Ratchasima",Pla_som_sa_wai_evolution,Fish,"March 29, 2022",3,"April 1, 2022",Home,Thailand,Talad_ya_mo_market,Farmers_Market,"Talad Ya mo, Muang, Nakhon Ratchasima",Thailand,NA,NA,NA,Home,NA,NA,NA,NA,172013292,169048551,4,133.3,1.85,1.7,,,,Thailand,,
LNM176,Pla_som_ta_pien,"Talad Ya mo, Muang, Nakhon Ratchasima",Pla_som_ta_pien_evolution,Fish,"March 29, 2022",3,"April 1, 2022",Home,Thailand,Talad_ya_mo_market,Farmers_Market,"Talad Ya mo, Muang, Nakhon Ratchasima",Thailand,NA,NA,NA,Home,NA,NA,NA,NA,172013292,169048551,4,46.1,1.87,0.97,,,,Thailand,,
LNM177,Pla_ra_nin,"Talad Ya mo, Muang, Nakhon Ratchasima",Pla_ra_nin_evolution,Fish,"March 29, 2022",3,"April 1, 2022",Home,Thailand,Talad_ya_mo_market,Farmers_Market,"Talad Ya mo, Muang, Nakhon Ratchasima",Thailand,NA,NA,NA,Home,NA,NA,NA,NA,172013292,169048551,4,58.5,1.87,0.63,,,,Thailand,,
LNM178,Sai_krok_moo_woon_sen,"mum ja yo () Sung noen, Nakhon Ratchasima",Sai_krok_moo_woon_sen_evolution,Meat,"March 29, 2022",3,"April 1, 2022",Home,Thailand,Mum_ja_yo_store,Store,"mum ja yo () Sung noen, Nakhon Ratchasima",Thailand,NA,NA,NA,Home,NA,NA,NA,NA,172013292,169048551,4,27.8,1.91,0.54,,,,Thailand,,
LNM179,Sai_krok_nuea,"mum ja yo () Sung noen, Nakhon Ratchasima",Sai_krok_nuea_evolution,Meat,"March 29, 2022",3,"April 1, 2022",Home,Thailand,Mum_ja_yo_store,Store,"mum ja yo () Sung noen, Nakhon Ratchasima",Thailand,NA,NA,NA,Home,NA,NA,NA,NA,172013292,169048551,4,95.3,1.86,1.69,,,,Thailand,,
LNM180,mum_moo,"mum ja yo () Sung noen, Nakhon Ratchasima",mum_moo_evolution,Meat,"March 29, 2022",3,"April 1, 2022",Home,Thailand,Mum_ja_yo_store,Store,"mum ja yo () Sung noen, Nakhon Ratchasima",Thailand,NA,NA,NA,Home,NA,NA,NA,NA,172013292,169048551,4,41.4,1.88,0.56,,,,Thailand,,
LNM181,Hom-dong,Klong_Nueng_Klong_Luang_Pathumthani,Hom_dong_evolution,Vegetable,"April 1, 2022",2,"April 1, 2022",Lab,Thailand,BIOTEC,Lab,Klong_Nueng_Klong_Luang_Pathumthani,Thailand,NA,NA,NA,Home,NA,NA,NA,NA,172013292,169048551,4,11.3,1.84,0.19,,,,Thailand,,
LNM182,Khao_Mak,"Talad Tadsabarn Kham Thale So, Nakhon Ratchasima",Khaomak_evolution,Rice,"March 29, 2022",4,"April 1, 2022",Home,Thailand,Talad_Tadsabarn_Kham_Thale_So_market,Farmers_Market,"Talad Tadsabarn Kham Thale So, Nakhon Ratchasima",Thailand,NA,NA,NA,Home,NA,NA,NA,NA,172013292,169048551,4,24.4,1.6,0.32,,,,Thailand,,
LNM183,Pla_tu_num,"Kanthuli, Tachana,Suratthani",,Fish,"March 30, 2022",18,"April 1, 2022",,Thailand,BIOTEC,Lab,Klong_Nueng_Klong_Luang_Pathumthani,Thailand,NA,NA,NA,Home,NA,NA,NA,NA,172013292,169048551,4,72,1.8,0.54,,,,Thailand,,
LNM184,Sa_toh_dong,"Kanthuli, Tachana,Suratthani",,Bean,"March 30, 2022",365,"April 1, 2022",,Thailand,BIOTEC,Lab,Klong_Nueng_Klong_Luang_Pathumthani,Thailand,NA,NA,NA,Home,NA,NA,NA,NA,172013292,169048551,4,3,2.6,0.08,,,,Thailand,,
LNM185,Tai_pla,"Kanthuli, Tachana,Suratthani",,Fish,"March 30, 2022",180,"April 1, 2022",,Thailand,BIOTEC,Lab,Klong_Nueng_Klong_Luang_Pathumthani,Thailand,NA,NA,NA,Home,NA,NA,NA,NA,172013292,169048551,4,29.4,1.62,0.36,,,,Thailand,,
LNM186,Ka_pi,"Tachana,Suratthani",,Crustacean,"March 30, 2022",180,"April 1, 2022",,Thailand,BIOTEC,Lab,Klong_Nueng_Klong_Luang_Pathumthani,Thailand,NA,NA,NA,Home,NA,NA,NA,NA,172013292,169048551,4,6.2,1.94,0.13,,,,Thailand,,
LNM187,NEG_CTRL,Klong_Nueng_Klong_Luang_Pathumthani,,Control,"April 1, 2022",NA,"April 1, 2022",Lab,Thailand,BIOTEC,Lab,Klong_Nueng_Klong_Luang_Pathumthani,Thailand,NA,NA,NA,Lab,NA,NA,NA,NA,172013292,169048551,4,1.1,3.26,0.02,,,,Thailand,,
LNM188,Miang,,,Drink,"April 2, 2022",,"April 4, 2022",,Thailand,BIOTEC,Lab,Klong_Nueng_Klong_Luang_Pathumthani,Thailand,NA,NA,NA,Home,NA,NA,NA,NA,172013292,169048551,4,23,1.64,0.37,,,,Thailand,,
LNM189,Miang_Kombucha,Klong_Nueng_Klong_Luang_Pathumthani,,Drink,"April 4, 2022",3,"April 4, 2022",Home,Thailand,dCondo,Home,Klong_Nueng_Klong_Luang_Pathumthani,Thailand,NA,NA,NA,Home,NA,NA,NA,NA,172013292,169048551,4,2.8,1.74,0.56,,,,Thailand,,
LNM190,Kombucha,Klong_Nueng_Klong_Luang_Pathumthani,Bring_the_booch,Drink,"April 4, 2022",7,"April 4, 2022",Home,Thailand,dCondo,Home,Klong_Nueng_Klong_Luang_Pathumthani,Thailand,NA,NA,NA,Home,NA,NA,NA,NA,172013292,169048551,4,2.9,1.73,0.09,,,,Thailand,,
LNM191,Milk,,,Dairy,"April 4, 2022",0,"April 4, 2022",Farm,Thailand,Little_goat_farm,Farm,,Thailand,Goat,,No,Local,NA,NA,NA,NA,172013292,169048551,4,18.5,1.86,0.37,,,,Thailand,,
LNM192,Fresh_cheese,,,Dairy,"April 4, 2022",4,"April 4, 2022",Farm,Thailand,Little_goat_farm,Farm,,Thailand,Goat,,Yes,Local,NA,NA,NA,NA,172013292,169048551,4,125.8,1.85,0.79,,,,Thailand,,
LNM193,Nourkai_cheese,,,Dairy,"April 4, 2022",14,"April 4, 2022",Farm,Thailand,Little_goat_farm,Farm,,Thailand,Goat,,Yes,Local,NA,NA,NA,NA,172013292,169048551,4,42.2,1.83,0.31,,,,Thailand,,
LNM194,Tanchan_cheese,,,Dairy,"April 4, 2022",14,"April 4, 2022",Farm,Thailand,Little_goat_farm,Farm,,Thailand,Goat,,Yes,Local,NA,NA,NA,NA,172013292,169048551,4,142.6,1.86,1.78,,,,Thailand,,
LNM195,St_don_cheese,,,Dairy,"April 4, 2022",28,"April 4, 2022",Farm,Thailand,Little_goat_farm,Farm,,Thailand,Goat,,Yes,Local,NA,NA,NA,NA,172013292,169048551,4,37.4,1.88,0.3,,,,Thailand,,
LNM196,Brie_cheese,,,Dairy,"April 4, 2022",21,"April 4, 2022",Farm,Thailand,Little_goat_farm,Farm,,Thailand,Goat,,Yes,Local,NA,NA,NA,NA,172013292,169048551,4,25.4,1.89,0.37,,,,Thailand,,
LNM197,Talaggio_cheese,,,Dairy,"April 4, 2022",60,"April 4, 2022",Farm,Thailand,Little_goat_farm,Farm,,Thailand,Goat,,Yes,Local,NA,NA,NA,NA,172013292,169048551,4,487.1,1.86,1.81,,,,Thailand,,
LNM198,Caprino_cheese,,,Dairy,"April 4, 2022",,"April 4, 2022",Farm,Thailand,Little_goat_farm,Farm,,Thailand,Goat,,Yes,Local,NA,NA,NA,NA,172013292,169048551,4,69.9,1.86,1.35,,,,Thailand,,
LNM199,Hom-dong,,Hom_dong_evolution,Vegetable,"April 4, 2022",5,"April 4, 2022",Lab,Thailand,Little_goat_farm,Farm,,Thailand,NA,NA,NA,Home,NA,NA,NA,NA,172013292,169048551,4,26.3,1.7,0.28,,,,Thailand,,
LNM200,NEG_CTRL,,,Control,"April 4, 2022",NA,"April 4, 2022",Lab,Thailand,BIOTECH,Lab,Klong_Nueng_Klong_Luang_Pathumthani,Thailand,NA,NA,NA,Home,NA,NA,NA,NA,172013292,169048551,4,1,2.13,,,,,Thailand,,